FirstName,LastName,BirthDate
Debra,Jenkins,2014/12/27
Mike,Smith,1947/04/16
Joseph,York,1961/02/09
Stacey,Carr,1975/03/15
John,Coleman,1968/06/10
Kimberly,Williams,1954/08/14
Joshua,Diaz,2007/11/02
Destiny,Rodriguez,2007/03/14
Benjamin,White,1979/11/03
Kenneth,Berry,1968/01/29
Carl,Allen,1941/09/11
William,Bradley,1986/07/01
Steven,Reid,1999/08/08
Robert,Jackson,2013/10/17
Jason,Coleman,1948/12/20
Keith,Scott,2000/12/03
Cory,Gonzalez,2010/01/28
Thomas,Holloway,1945/09/03
Patricia,Webster,1950/03/20
Eric,Browning,1992/08/19
Justin,King,1995/10/06
Michael,Ryan,1962/04/05
Jacqueline,Bowers,1953/02/08
Larry,Butler,1957/12/28
Nicholas,Underwood,1942/11/25
Rachel,Mcintyre,1948/07/21
Kristin,Parker,1995/12/06
Joseph,Graves,1978/01/21
Richard,Smith,1940/12/02
Rebecca,Pacheco,1977/11/12
Richard,Gardner,2012/03/10
Edward,Lopez,1952/07/02
Hannah,Collins,1956/07/01
Mariah,Brown,1994/07/08
Denise,Edwards,2004/10/12
Laura,Lynch,1984/11/07
Maurice,Ramirez,1980/08/15
Matthew,Davis,1977/08/04
Suzanne,Crawford,1940/06/16
Patrick,Ford,1974/07/09
Gregory,Hayes,1977/06/09
Christy,Morales,1967/02/05
Molly,Taylor,1951/05/17
Tiffany,Wells,2000/12/24
Nicholas,Jones,1987/03/04
Nicole,Villarreal,2003/11/01
Cynthia,Kelly,1945/09/29
Stephanie,Armstrong,1996/09/27
Shelley,Turner,1973/07/31
Jeremy,Johnson,2002/09/02
John,Smith,1985/04/12
Emily ,Johnson,1992/09/30
Micheal,Brown,1978/06/25
Sarah,Davis,2001/01/14
Christopher,Wilson,1965/11/22
Amanda,Martinez,1995/07/08
Matthew,Anderson,1980/02/19
Jessica,Thomas,2003/12/05
Daniel,White,1959/08/17
Lauren,Harris,1987/05/20
David,Clark,1999/10/11
Ashley,Lewis,1972/03/15
Brian,Walker,1968/06/29
Megan,Hall,1990/09/03
Joshua,Allen,2006/07/22
Samantha,Young,1975/12/30
Andrew,King,1983/04/07
Rachel,Wright,1962/05/25
Kevin,Scott,1998/08/14
Nicole,Green,1970/11/09
Steven,Adams,1981/02/23
Victoria,Baker,2009/06/18
Ryan,Gonzalez,1967/07/12
Brittany,Nelson,1989/10/21
Justin,Carter,2004/01/03
Michelle,Mitchell,1958/03/28
Benjamin,Perez,1979/12/14
Olivia,Roberts,1993/05/08
Zachary,Turner,1960/07/19
Stephanie,Phillips,2000/11/27
Nathan,Campbell,1986/09/10
Abigail,Parker,1973/02/01
Brandon,Evans,1997/06/04
Alyssa,Edwards,1966/04/15
Tyler,Collins,2007/08/09
Rebecca,Stewart,1982/10/30
Ethan,Sanchez,1957/05/14
Madison,Morris,1991/03/18
Alexander,Rogers,1963/12/22
Hannah,Reed,2005/07/02
Jacob,Cook,1976/09/25
Isabella,Morgan,1984/11/07
Logan,Bell,2008/04/29
Sophia,Murphy,1955/06/10
William,Foster,2002/02/20
Chloe,Bailey,1971/12/12
James,Howard,1996/08/05
Ava,Cox,1961/03/27
Elijah,Ward,1988/07/31
Lily,Richardson,1977/10/08
Dylan,Brooks,1994/06/14
Ella,Watson,1956/02/09
Gabriel,Patterson,1980/09/02
Zoey,Gray,2003/05/30
Henry,Russell,1964/04/12
Natalie,Butler,1995/08/26
Mason,Simmons,1974/12/05
Emily,Foster,2009/03/21
Carter,James,1987/07/17
Scarlett,Bennett,1969/01/10
Jackson,Henderson,1990/11/11
Grace,Alexander,1953/09/07
Lucas,Bryant,2001/06/29
Layla,Torres,1983/02/18
Sebastian,Flores,1978/05/09
Harper,Rivera,2006/10/24
Julian,Cooper,1965/07/05
Addison,Perry,1998/03/06
Levi,Powell,1959/11/30
Stella,Long,1982/09/01
Hudson,Jenkins,1970/06/14
Penelope,Sanders,2007/04/19
Owen,Price,1962/12/03
Victoria,Barnes,1986/08/11
Samuel,Ross,1950/01/27
Camila,Ramirez,2005/07/15
Isaiah,Foster,1992/05/22
Lucy,Griffin,1968/09/17
Charles,Kim,1979/10/13
Eleanor,Ortiz,1984/02/05
Miles,Jenkins,2008/06/09
Brooklyn,Nguyen,1957/07/20
Harrison,Carter,1999/12/23
Savannah,Hayes,1975/04/16
Thomas,Wood,1981/08/08
Anna,Bell,1966/01/31
Caleb,Peterson,2002/11/28
Aurora,Sanders,1973/03/25
Wyatt,Richardson,1995/09/12
Madeline,Coleman,2004/12/07
Nathaniel ,Hughes,1960/10/05
Caroline,Chapman,1989/06/18
Elias,Barker,1972/02/14
Hazel,Adams,2003/08/21
Nicholas,Hernandez,1954/05/30
Ruby,Morales,2000/07/16
Leo,Ward,1985/12/02
Violet,Russell,1997/04/08
Theodore,Hill,1963/09/19
Claire,Simmons,2009/01/04
